[
{
    "pk": 1, 
    "model": "filer.folder", 
    "fields": {
        "rght": 2, 
        "uploaded_at": "2014-06-13T12:14:22Z", 
        "name": "Villy sorry", 
        "parent": null, 
        "level": 0, 
        "created_at": "2014-06-13T12:14:22Z", 
        "modified_at": "2014-06-13T12:14:22Z", 
        "lft": 1, 
        "tree_id": 1, 
        "owner": 1
    }
},
{
    "pk": 2, 
    "model": "filer.folder", 
    "fields": {
        "rght": 2, 
        "uploaded_at": "2014-06-13T12:18:50Z", 
        "name": "Muffins", 
        "parent": null, 
        "level": 0, 
        "created_at": "2014-06-13T12:18:50Z", 
        "modified_at": "2014-06-13T12:18:50Z", 
        "lft": 1, 
        "tree_id": 2, 
        "owner": 1
    }
},
{
    "pk": 3, 
    "model": "filer.folder", 
    "fields": {
        "rght": 8, 
        "uploaded_at": "2014-06-13T12:23:02Z", 
        "name": "Sweet animals", 
        "parent": null, 
        "level": 0, 
        "created_at": "2014-06-13T12:23:02Z", 
        "modified_at": "2014-06-13T12:23:02Z", 
        "lft": 1, 
        "tree_id": 3, 
        "owner": 1
    }
},
{
    "pk": 4, 
    "model": "filer.folder", 
    "fields": {
        "rght": 7, 
        "uploaded_at": "2014-06-13T12:35:59Z", 
        "name": "Our Animals", 
        "parent": 3, 
        "level": 1, 
        "created_at": "2014-06-13T12:35:59Z", 
        "modified_at": "2014-06-13T12:35:59Z", 
        "lft": 2, 
        "tree_id": 3, 
        "owner": 1
    }
},
{
    "pk": 5, 
    "model": "filer.folder", 
    "fields": {
        "rght": 4, 
        "uploaded_at": "2014-06-13T12:37:51Z", 
        "name": "Places", 
        "parent": 4, 
        "level": 2, 
        "created_at": "2014-06-13T12:37:51Z", 
        "modified_at": "2014-06-13T12:37:51Z", 
        "lft": 3, 
        "tree_id": 3, 
        "owner": 1
    }
},
{
    "pk": 6, 
    "model": "filer.folder", 
    "fields": {
        "rght": 6, 
        "uploaded_at": "2014-06-13T12:47:04Z", 
        "name": "Fluffy Animals", 
        "parent": 4, 
        "level": 2, 
        "created_at": "2014-06-13T12:47:04Z", 
        "modified_at": "2014-06-13T12:47:04Z", 
        "lft": 5, 
        "tree_id": 3, 
        "owner": 1
    }
},
{
    "pk": 7, 
    "model": "filer.folder", 
    "fields": {
        "rght": 2, 
        "uploaded_at": "2014-06-19T13:33:36Z", 
        "name": "Chocolate", 
        "parent": null, 
        "level": 0, 
        "created_at": "2014-06-19T13:33:36Z", 
        "modified_at": "2014-06-19T13:33:36Z", 
        "lft": 1, 
        "tree_id": 4, 
        "owner": 1
    }
},
{
    "pk": 8, 
    "model": "filer.folder", 
    "fields": {
        "rght": 4, 
        "uploaded_at": "2014-06-19T13:36:29Z", 
        "name": "Balloons", 
        "parent": null, 
        "level": 0, 
        "created_at": "2014-06-19T13:36:29Z", 
        "modified_at": "2014-06-19T13:36:29Z", 
        "lft": 1, 
        "tree_id": 5, 
        "owner": 1
    }
},
{
    "pk": 9, 
    "model": "filer.folder", 
    "fields": {
        "rght": 3, 
        "uploaded_at": "2014-06-19T13:39:50Z", 
        "name": "Olaf", 
        "parent": 8, 
        "level": 1, 
        "created_at": "2014-06-19T13:39:50Z", 
        "modified_at": "2014-06-19T13:39:50Z", 
        "lft": 2, 
        "tree_id": 5, 
        "owner": 1
    }
},
{
    "pk": 1, 
    "model": "filer.file", 
    "fields": {
        "sha1": "802a76758b3f94ee675c332396c8f67b10efe507", 
        "original_filename": "556131_4213110736268_459570808_n.jpg", 
        "name": "", 
        "description": null, 
        "modified_at": "2014-06-13T12:19:40Z", 
        "_file_size": 143063, 
        "uploaded_at": "2014-06-13T12:19:00Z", 
        "file": "filer_public/84/52/84526075-f468-4ccd-9b15-e5bb4f78b67b/556131_4213110736268_459570808_n.jpg", 
        "owner": 1, 
        "is_public": true, 
        "folder": 2, 
        "has_all_mandatory_data": false, 
        "polymorphic_ctype": 35
    }
},
{
    "pk": 2, 
    "model": "filer.file", 
    "fields": {
        "sha1": "13b1924e9d4513208d0317f25a5ecf50f8ce4df1", 
        "original_filename": "IMG_6002.jpg", 
        "name": "", 
        "description": null, 
        "modified_at": "2014-06-13T12:19:40Z", 
        "_file_size": 1756464, 
        "uploaded_at": "2014-06-13T12:19:12Z", 
        "file": "filer_public/41/38/4138b17a-0987-4cda-958f-eb4378c4c1a6/img_6002.jpg", 
        "owner": 1, 
        "is_public": true, 
        "folder": 2, 
        "has_all_mandatory_data": false, 
        "polymorphic_ctype": 35
    }
},
{
    "pk": 3, 
    "model": "filer.file", 
    "fields": {
        "sha1": "45896c043aa291d6f07e7646eddd45ccf0789dbd", 
        "original_filename": "stelcheee.jpg", 
        "name": "", 
        "description": null, 
        "modified_at": "2014-06-13T12:19:40Z", 
        "_file_size": 1153273, 
        "uploaded_at": "2014-06-13T12:19:35Z", 
        "file": "filer_public/24/43/24433975-3a36-4d46-bb23-b60964f5fa57/stelcheee.jpg", 
        "owner": 1, 
        "is_public": true, 
        "folder": 2, 
        "has_all_mandatory_data": false, 
        "polymorphic_ctype": 35
    }
},
{
    "pk": 4, 
    "model": "filer.file", 
    "fields": {
        "sha1": "01129deaaf1062741372cd5a15d2ba8adae8b4ec", 
        "original_filename": "1047917_674077429275474_491108542_o.jpg", 
        "name": "", 
        "description": null, 
        "modified_at": "2014-06-13T12:23:58Z", 
        "_file_size": 123130, 
        "uploaded_at": "2014-06-13T12:23:16Z", 
        "file": "filer_public/85/d5/85d583aa-5478-4ea8-9fef-f9dfc29b4f78/1047917_674077429275474_491108542_o.jpg", 
        "owner": 1, 
        "is_public": true, 
        "folder": 3, 
        "has_all_mandatory_data": false, 
        "polymorphic_ctype": 35
    }
},
{
    "pk": 5, 
    "model": "filer.file", 
    "fields": {
        "sha1": "077419100e1d1132ff9ed3cd4ad5e52ed857d6e3", 
        "original_filename": "2014-02-12 15.30.44.jpg", 
        "name": "", 
        "description": null, 
        "modified_at": "2014-06-13T12:47:06Z", 
        "_file_size": 518084, 
        "uploaded_at": "2014-06-13T12:23:21Z", 
        "file": "filer_public/69/8f/698f37a6-567d-4e9d-a06e-508ce1f32d1b/2014-02-12_153044.jpg", 
        "owner": 1, 
        "is_public": true, 
        "folder": 6, 
        "has_all_mandatory_data": false, 
        "polymorphic_ctype": 35
    }
},
{
    "pk": 6, 
    "model": "filer.file", 
    "fields": {
        "sha1": "01cc96c13c0e573e30a3c28237c0fe6195f18780", 
        "original_filename": "P1080088.JPG", 
        "name": "", 
        "description": null, 
        "modified_at": "2014-06-13T12:36:14Z", 
        "_file_size": 2406736, 
        "uploaded_at": "2014-06-13T12:23:33Z", 
        "file": "filer_public/62/7f/627f40ae-08b7-4d11-b055-07e8256e4f3c/p1080088.jpg", 
        "owner": 1, 
        "is_public": true, 
        "folder": 4, 
        "has_all_mandatory_data": false, 
        "polymorphic_ctype": 35
    }
},
{
    "pk": 7, 
    "model": "filer.file", 
    "fields": {
        "sha1": "62a69632a54d253fa4a5c1ad0717250398166ca5", 
        "original_filename": "IMG_20140127_161326.jpg", 
        "name": "", 
        "description": null, 
        "modified_at": "2014-06-13T12:23:58Z", 
        "_file_size": 624611, 
        "uploaded_at": "2014-06-13T12:23:45Z", 
        "file": "filer_public/30/42/30425146-367d-416e-b1ba-ea71a764788a/img_20140127_161326.jpg", 
        "owner": 1, 
        "is_public": true, 
        "folder": 3, 
        "has_all_mandatory_data": false, 
        "polymorphic_ctype": 35
    }
},
{
    "pk": 8, 
    "model": "filer.file", 
    "fields": {
        "sha1": "5921d567547f7a9e5f810b1b6b347a3572d37f47", 
        "original_filename": "panda.jpg", 
        "name": "", 
        "description": null, 
        "modified_at": "2014-06-13T12:23:58Z", 
        "_file_size": 38507, 
        "uploaded_at": "2014-06-13T12:23:56Z", 
        "file": "filer_public/de/bb/debb6f69-63c6-4d7a-ad95-40da99c44ce3/panda.jpg", 
        "owner": 1, 
        "is_public": true, 
        "folder": 3, 
        "has_all_mandatory_data": false, 
        "polymorphic_ctype": 35
    }
},
{
    "pk": 9, 
    "model": "filer.file", 
    "fields": {
        "sha1": "75d9b0b6ac6ecca3711bb6e54e30439b3408fdae", 
        "original_filename": "IMG_4909.JPG", 
        "name": "", 
        "description": null, 
        "modified_at": "2014-06-13T12:36:14Z", 
        "_file_size": 5487289, 
        "uploaded_at": "2014-06-13T12:29:52Z", 
        "file": "filer_public/39/d8/39d8ee17-81e2-4c62-bab8-c7f994765d5f/img_4909.jpg", 
        "owner": 1, 
        "is_public": true, 
        "folder": 4, 
        "has_all_mandatory_data": false, 
        "polymorphic_ctype": 35
    }
},
{
    "pk": 10, 
    "model": "filer.file", 
    "fields": {
        "sha1": "bfe3b62c178975a5e7454e2b56b9fc29edb8be67", 
        "original_filename": "Black-sea.5d525e30fd2b.jpg", 
        "name": "", 
        "description": null, 
        "modified_at": "2014-06-13T12:38:31Z", 
        "_file_size": 116821, 
        "uploaded_at": "2014-06-13T12:38:05Z", 
        "file": "filer_public/24/74/2474e8d7-54e4-4c1e-806b-d81ba58d3066/black-sea5d525e30fd2b.jpg", 
        "owner": 1, 
        "is_public": true, 
        "folder": 5, 
        "has_all_mandatory_data": false, 
        "polymorphic_ctype": 35
    }
},
{
    "pk": 11, 
    "model": "filer.file", 
    "fields": {
        "sha1": "31647d9fe5f7f768fea29cf84b2919ffadf9aa74", 
        "original_filename": "Black-sea.6e548deacdfa.jpg", 
        "name": "", 
        "description": null, 
        "modified_at": "2014-06-13T12:38:31Z", 
        "_file_size": 565553, 
        "uploaded_at": "2014-06-13T12:38:15Z", 
        "file": "filer_public/08/6e/086e856d-1de6-4003-af23-3cae22130ae0/black-sea6e548deacdfa.jpg", 
        "owner": 1, 
        "is_public": true, 
        "folder": 5, 
        "has_all_mandatory_data": false, 
        "polymorphic_ctype": 35
    }
},
{
    "pk": 12, 
    "model": "filer.file", 
    "fields": {
        "sha1": "cb2b17c49005e4be561ff381ddaa4407310a4f01", 
        "original_filename": "Grand_frontview3_1.jpg", 
        "name": "", 
        "description": null, 
        "modified_at": "2014-06-13T12:38:31Z", 
        "_file_size": 344923, 
        "uploaded_at": "2014-06-13T12:38:29Z", 
        "file": "filer_public/79/67/7967fe3f-cdb3-4e39-b956-79154f299294/grand_frontview3_1.jpg", 
        "owner": 1, 
        "is_public": true, 
        "folder": 5, 
        "has_all_mandatory_data": false, 
        "polymorphic_ctype": 35
    }
},
{
    "pk": 13, 
    "model": "filer.file", 
    "fields": {
        "sha1": "1e8dcf5a545fe8fde1176fcb221ba0a38206da3d", 
        "original_filename": "very-important-file.jpg", 
        "name": "", 
        "description": null, 
        "modified_at": "2014-06-13T12:55:31Z", 
        "_file_size": 46709, 
        "uploaded_at": "2014-06-13T12:55:22Z", 
        "file": "filer_public/65/1e/651e0b62-396b-45de-8e60-a2fd94eb5cb3/very-important-file.jpg", 
        "owner": 1, 
        "is_public": true, 
        "folder": 3, 
        "has_all_mandatory_data": false, 
        "polymorphic_ctype": 35
    }
},
{
    "pk": 17, 
    "model": "filer.file", 
    "fields": {
        "sha1": "4f610dba2ad618eb8d1624e9cea298d58b90b424", 
        "original_filename": "P1080176.JPG", 
        "name": "", 
        "description": null, 
        "modified_at": "2014-06-19T13:34:39Z", 
        "_file_size": 2400656, 
        "uploaded_at": "2014-06-19T13:34:09Z", 
        "file": "filer_public/ec/8f/ec8f20aa-fb63-4770-bdb6-005f17cb4246/p1080176.jpg", 
        "owner": 1, 
        "is_public": true, 
        "folder": 7, 
        "has_all_mandatory_data": false, 
        "polymorphic_ctype": 35
    }
},
{
    "pk": 18, 
    "model": "filer.file", 
    "fields": {
        "sha1": "45091cfa0b0bac44ca3a0a349642b997be5a1c73", 
        "original_filename": "P1080178.JPG", 
        "name": "", 
        "description": null, 
        "modified_at": "2014-06-19T13:34:39Z", 
        "_file_size": 2403720, 
        "uploaded_at": "2014-06-19T13:34:15Z", 
        "file": "filer_public/8a/da/8ada827a-cf0f-4caa-ac66-8d1833ae0cf9/p1080178.jpg", 
        "owner": 1, 
        "is_public": true, 
        "folder": 7, 
        "has_all_mandatory_data": false, 
        "polymorphic_ctype": 35
    }
},
{
    "pk": 19, 
    "model": "filer.file", 
    "fields": {
        "sha1": "457abc11a75bf1a1ea59e72fc609dbca87f1bb22", 
        "original_filename": "P1080177.JPG", 
        "name": "", 
        "description": null, 
        "modified_at": "2014-06-19T13:34:39Z", 
        "_file_size": 2407520, 
        "uploaded_at": "2014-06-19T13:34:36Z", 
        "file": "filer_public/05/ab/05ab7dcc-0d97-4347-b680-2f70143f7cd4/p1080177.jpg", 
        "owner": 1, 
        "is_public": true, 
        "folder": 7, 
        "has_all_mandatory_data": false, 
        "polymorphic_ctype": 35
    }
},
{
    "pk": 20, 
    "model": "filer.file", 
    "fields": {
        "sha1": "947134cdad83ac4099d766c9eda1c8fc4d33f856", 
        "original_filename": "P1080179.JPG", 
        "name": "", 
        "description": null, 
        "modified_at": "2014-06-19T13:37:02Z", 
        "_file_size": 2262743, 
        "uploaded_at": "2014-06-19T13:36:39Z", 
        "file": "filer_public/c9/7a/c97a4b2a-6d26-4e88-a3b3-08595f0c2853/p1080179.jpg", 
        "owner": 1, 
        "is_public": true, 
        "folder": 8, 
        "has_all_mandatory_data": false, 
        "polymorphic_ctype": 35
    }
},
{
    "pk": 21, 
    "model": "filer.file", 
    "fields": {
        "sha1": "b23bfb479a82b70c7284a4a4b49c9bfbd06b0c16", 
        "original_filename": "P1080181.JPG", 
        "name": "", 
        "description": null, 
        "modified_at": "2014-06-19T13:37:02Z", 
        "_file_size": 2244690, 
        "uploaded_at": "2014-06-19T13:36:46Z", 
        "file": "filer_public/a3/25/a3258b7b-4268-4e0c-aea4-01caa4b1ba67/p1080181.jpg", 
        "owner": 1, 
        "is_public": true, 
        "folder": 8, 
        "has_all_mandatory_data": false, 
        "polymorphic_ctype": 35
    }
},
{
    "pk": 23, 
    "model": "filer.file", 
    "fields": {
        "sha1": "a0947e882adf08cbb717ec5f0954b30823481776", 
        "original_filename": "P1080189.JPG", 
        "name": "", 
        "description": null, 
        "modified_at": "2014-06-19T13:37:23Z", 
        "_file_size": 2480018, 
        "uploaded_at": "2014-06-19T13:37:19Z", 
        "file": "filer_public/25/67/25674136-430d-46d6-b2af-275fdb6a184b/p1080189.jpg", 
        "owner": 1, 
        "is_public": true, 
        "folder": 8, 
        "has_all_mandatory_data": false, 
        "polymorphic_ctype": 35
    }
},
{
    "pk": 24, 
    "model": "filer.file", 
    "fields": {
        "sha1": "2263781a71d8c87ef3d875cc130987b82d592ccb", 
        "original_filename": "P1080197.JPG", 
        "name": "", 
        "description": null, 
        "modified_at": "2014-06-19T13:40:02Z", 
        "_file_size": 2344091, 
        "uploaded_at": "2014-06-19T13:39:58Z", 
        "file": "filer_public/b1/0a/b10a06b0-7905-4e35-bd59-fc241e1c06d0/p1080197.jpg", 
        "owner": 1, 
        "is_public": true, 
        "folder": 9, 
        "has_all_mandatory_data": false, 
        "polymorphic_ctype": 35
    }
},
{
    "pk": 1, 
    "model": "filer.clipboard", 
    "fields": {
        "user": 1
    }
},
{
    "pk": 1, 
    "model": "filer.image", 
    "fields": {
        "subject_location": null, 
        "must_always_publish_copyright": false, 
        "date_taken": "2014-06-13T12:19:00Z", 
        "author": null, 
        "_height": 720, 
        "_width": 960, 
        "must_always_publish_author_credit": false, 
        "default_alt_text": null, 
        "default_caption": null
    }
},
{
    "pk": 2, 
    "model": "filer.image", 
    "fields": {
        "subject_location": null, 
        "must_always_publish_copyright": false, 
        "date_taken": "2014-06-13T12:19:12Z", 
        "author": null, 
        "_height": 3456, 
        "_width": 5184, 
        "must_always_publish_author_credit": false, 
        "default_alt_text": null, 
        "default_caption": null
    }
},
{
    "pk": 3, 
    "model": "filer.image", 
    "fields": {
        "subject_location": null, 
        "must_always_publish_copyright": false, 
        "date_taken": "2014-06-13T12:19:35Z", 
        "author": null, 
        "_height": 1728, 
        "_width": 2592, 
        "must_always_publish_author_credit": false, 
        "default_alt_text": null, 
        "default_caption": null
    }
},
{
    "pk": 4, 
    "model": "filer.image", 
    "fields": {
        "subject_location": null, 
        "must_always_publish_copyright": false, 
        "date_taken": "2014-06-13T12:23:16Z", 
        "author": null, 
        "_height": 1360, 
        "_width": 2048, 
        "must_always_publish_author_credit": false, 
        "default_alt_text": null, 
        "default_caption": null
    }
},
{
    "pk": 5, 
    "model": "filer.image", 
    "fields": {
        "subject_location": null, 
        "must_always_publish_copyright": false, 
        "date_taken": "2014-06-13T12:23:21Z", 
        "author": null, 
        "_height": 1200, 
        "_width": 1600, 
        "must_always_publish_author_credit": false, 
        "default_alt_text": null, 
        "default_caption": null
    }
},
{
    "pk": 6, 
    "model": "filer.image", 
    "fields": {
        "subject_location": null, 
        "must_always_publish_copyright": false, 
        "date_taken": "2014-06-13T12:23:33Z", 
        "author": null, 
        "_height": 1920, 
        "_width": 2560, 
        "must_always_publish_author_credit": false, 
        "default_alt_text": null, 
        "default_caption": null
    }
},
{
    "pk": 7, 
    "model": "filer.image", 
    "fields": {
        "subject_location": null, 
        "must_always_publish_copyright": false, 
        "date_taken": "2014-06-13T12:23:44Z", 
        "author": null, 
        "_height": 1920, 
        "_width": 2560, 
        "must_always_publish_author_credit": false, 
        "default_alt_text": null, 
        "default_caption": null
    }
},
{
    "pk": 8, 
    "model": "filer.image", 
    "fields": {
        "subject_location": null, 
        "must_always_publish_copyright": false, 
        "date_taken": "2014-06-13T12:23:56Z", 
        "author": null, 
        "_height": 360, 
        "_width": 960, 
        "must_always_publish_author_credit": false, 
        "default_alt_text": null, 
        "default_caption": null
    }
},
{
    "pk": 9, 
    "model": "filer.image", 
    "fields": {
        "subject_location": null, 
        "must_always_publish_copyright": false, 
        "date_taken": "2014-06-13T12:29:52Z", 
        "author": null, 
        "_height": 3456, 
        "_width": 5184, 
        "must_always_publish_author_credit": false, 
        "default_alt_text": null, 
        "default_caption": null
    }
},
{
    "pk": 10, 
    "model": "filer.image", 
    "fields": {
        "subject_location": null, 
        "must_always_publish_copyright": false, 
        "date_taken": "2014-06-13T12:38:05Z", 
        "author": null, 
        "_height": 360, 
        "_width": 960, 
        "must_always_publish_author_credit": false, 
        "default_alt_text": null, 
        "default_caption": null
    }
},
{
    "pk": 11, 
    "model": "filer.image", 
    "fields": {
        "subject_location": null, 
        "must_always_publish_copyright": false, 
        "date_taken": "2014-06-13T12:38:15Z", 
        "author": null, 
        "_height": 562, 
        "_width": 1002, 
        "must_always_publish_author_credit": false, 
        "default_alt_text": null, 
        "default_caption": null
    }
},
{
    "pk": 12, 
    "model": "filer.image", 
    "fields": {
        "subject_location": null, 
        "must_always_publish_copyright": false, 
        "date_taken": "2014-06-13T12:38:29Z", 
        "author": null, 
        "_height": 514, 
        "_width": 770, 
        "must_always_publish_author_credit": false, 
        "default_alt_text": null, 
        "default_caption": null
    }
},
{
    "pk": 13, 
    "model": "filer.image", 
    "fields": {
        "subject_location": null, 
        "must_always_publish_copyright": false, 
        "date_taken": "2014-06-13T12:55:22Z", 
        "author": null, 
        "_height": 401, 
        "_width": 600, 
        "must_always_publish_author_credit": false, 
        "default_alt_text": null, 
        "default_caption": null
    }
},
{
    "pk": 17, 
    "model": "filer.image", 
    "fields": {
        "subject_location": null, 
        "must_always_publish_copyright": false, 
        "date_taken": "2014-06-19T13:34:09Z", 
        "author": null, 
        "_height": 1920, 
        "_width": 2560, 
        "must_always_publish_author_credit": false, 
        "default_alt_text": null, 
        "default_caption": null
    }
},
{
    "pk": 18, 
    "model": "filer.image", 
    "fields": {
        "subject_location": null, 
        "must_always_publish_copyright": false, 
        "date_taken": "2014-06-19T13:34:15Z", 
        "author": null, 
        "_height": 1920, 
        "_width": 2560, 
        "must_always_publish_author_credit": false, 
        "default_alt_text": null, 
        "default_caption": null
    }
},
{
    "pk": 19, 
    "model": "filer.image", 
    "fields": {
        "subject_location": null, 
        "must_always_publish_copyright": false, 
        "date_taken": "2014-06-19T13:34:36Z", 
        "author": null, 
        "_height": 1920, 
        "_width": 2560, 
        "must_always_publish_author_credit": false, 
        "default_alt_text": null, 
        "default_caption": null
    }
},
{
    "pk": 20, 
    "model": "filer.image", 
    "fields": {
        "subject_location": null, 
        "must_always_publish_copyright": false, 
        "date_taken": "2014-06-19T13:36:39Z", 
        "author": null, 
        "_height": 1920, 
        "_width": 2560, 
        "must_always_publish_author_credit": false, 
        "default_alt_text": null, 
        "default_caption": null
    }
},
{
    "pk": 21, 
    "model": "filer.image", 
    "fields": {
        "subject_location": null, 
        "must_always_publish_copyright": false, 
        "date_taken": "2014-06-19T13:36:46Z", 
        "author": null, 
        "_height": 1920, 
        "_width": 2560, 
        "must_always_publish_author_credit": false, 
        "default_alt_text": null, 
        "default_caption": null
    }
},
{
    "pk": 23, 
    "model": "filer.image", 
    "fields": {
        "subject_location": null, 
        "must_always_publish_copyright": false, 
        "date_taken": "2014-06-19T13:37:18Z", 
        "author": null, 
        "_height": 1920, 
        "_width": 2560, 
        "must_always_publish_author_credit": false, 
        "default_alt_text": null, 
        "default_caption": null
    }
},
{
    "pk": 24, 
    "model": "filer.image", 
    "fields": {
        "subject_location": null, 
        "must_always_publish_copyright": false, 
        "date_taken": "2014-06-19T13:39:58Z", 
        "author": null, 
        "_height": 1920, 
        "_width": 2560, 
        "must_always_publish_author_credit": false, 
        "default_alt_text": null, 
        "default_caption": null
    }
}
]
